"Results","2021 St Louis Region SCCA Event 3 June 13, 2021","www.ProntoTimingSystem.com","Pos","Nbr","Driver's name, Town","Car, Sponsor","Tire Mfg","Rgn,Div","Course 1","Score","Street Category"
"Super Street","Drivers: 1","Trophies: 1","","T","","1.00","78","Sean Greer","1966 Volkswagen Beetle","","NEB","54.835","53.009","52.463"," 52.463","","","","","","","DNF","53.997(1)","53.616(1)","","","","","","","","","","","","","","","","","","","","","","","","","","Pronto Timing System","6/15/2021   4:07:31PM","Page 1 of 1","www.ProntoTimingSystem.com"
"Results","2021 St Louis Region SCCA Event 3 June 13, 2021","www.ProntoTimingSystem.com","Pos","Nbr","Driver's name, Town","Car, Sponsor","Tire Mfg","Rgn,Div","Course 1","Score","A Street","Drivers: 7","Trophies: 3","","T","","1.00","94","Robert Stack","2004 Chevrolet Corvette Z06","","STL","55.675","55.287","57.040(1)"," 53.789","","","","","","","53.995","53.789","","","","","","","","","","","","","","","","","","","","","","","","","","","Pronto Timing System","6/15/2021   4:07:31PM","Page 1 of 1","www.ProntoTimingSystem.com"
"Results","2021 St Louis Region SCCA Event 3 June 13, 2021","www.ProntoTimingSystem.com","Pos","Nbr","Driver's name, Town","Car, Sponsor","Tire Mfg","Rgn,Div","Course 1","Score","T","","2.00","192","Carla Russo","2002 Chevrolet Corvette Z06","","STL","58.329","65.307","57.598"," 56.358","","","","","","","56.358","57.357","","(2.569)","","","","","","","","","","","","","","","","","","","","","","","","","Pronto Timing System","6/15/2021   4:07:31PM","Page 1 of 1","www.ProntoTimingSystem.com"
"Results","2021 St Louis Region SCCA Event 3 June 13, 2021","www.ProntoTimingSystem.com","Pos","Nbr","Driver's name, Town","Car, Sponsor","Tire Mfg","Rgn,Div","Course 1","Score","T","","3.00","52","Robert Fullriede","2010 Porsche Cayman","","STL","DNF","57.186","DNF"," 56.705","","","","","","","57.009","56.705","","(0.347)","","","","","","","","","","","","","","","","","","","","","","","","","Pronto Timing System","6/15/2021   4:07:31PM","Page 1 of 1","www.ProntoTimingSystem.com"
"Results","2021 St Louis Region SCCA Event 3 June 13, 2021","www.ProntoTimingSystem.com","Pos","Nbr","Driver's name, Town","Car, Sponsor","Tire Mfg","Rgn,Div","Course 1","Score","","","4.00","77","Jeffrey Osborn","2011 Chevrolet Corvette Grand Sport","","STL","DNF","60.040","64.778(2)"," 60.040","","","","","","","60.262","60.392","","(3.335)","","","","","","","","","","","","","","","","","","","","","","","","","Pronto Timing System","6/15/2021   4:07:31PM","Page 1 of 1","www.ProntoTimingSystem.com"
"Results","2021 St Louis Region SCCA Event 3 June 13, 2021","www.ProntoTimingSystem.com","Pos","Nbr","Driver's name, Town","Car, Sponsor","Tire Mfg","Rgn,Div","Course 1","Score","","R","5.00","91","Bogdan Niciu","2020 BMW M2 Competition/","","STL","69.077","65.561(1)","70.329(5)"," 60.794","","","","","","","64.270(1)","60.794","","(0.754)","","","","","","","","","","","","","","","","","","","","","","","","","Pronto Timing System","6/15/2021   4:07:31PM","Page 1 of 1","www.ProntoTimingSystem.com"
"Results","2021 St Louis Region SCCA Event 3 June 13, 2021","www.ProntoTimingSystem.com","Pos","Nbr","Driver's name, Town","Car, Sponsor","Tire Mfg","Rgn,Div","Course 1","Score","","","6.00","21","Stacy Herman","2013 Chevrolet Camaro ZL1","","STL","74.773","DNF","68.173"," 65.337","","","","","","","65.933","65.337","","(4.543)","","","","","","","","","","","","","","","","","","","","","","","","","Pronto Timing System","6/15/2021   4:07:31PM","Page 1 of 1","www.ProntoTimingSystem.com"
"Results","2021 St Louis Region SCCA Event 3 June 13, 2021","www.ProntoTimingSystem.com","Pos","Nbr","Driver's name, Town","Car, Sponsor","Tire Mfg","Rgn,Div","Course 1","Score","","R","7.00","71","Adrian Sweetwood","2003 Chevrolet Corvette Z06","","STL","DNF","70.547(2)","DNF"," 70.547","","","","","","","DNF","DNF","","(5.210)","","","","","","","","","","","","","","","","","","","","","","","","","Pronto Timing System","6/15/2021   4:07:31PM","Page 1 of 1","www.ProntoTimingSystem.com"
"Results","2021 St Louis Region SCCA Event 3 June 13, 2021","www.ProntoTimingSystem.com","Pos","Nbr","Driver's name, Town","Car, Sponsor","Tire Mfg","Rgn,Div","Course 1","Score","B Street","Drivers: 2","Trophies: 1","","T","R","1.00","77","Steve Davis","2021 Chevrolet Camaro SS 1LE","","","63.107","61.915(1)","59.695"," 59.695","","","","","","","60.318(1)","59.761(1)","","","","","","","","","","","","","","","","","","","","","","","","","","","Pronto Timing System","6/15/2021   4:07:31PM","Page 1 of 1","www.ProntoTimingSystem.com"
"Results","2021 St Louis Region SCCA Event 3 June 13, 2021","www.ProntoTimingSystem.com","Pos","Nbr","Driver's name, Town","Car, Sponsor","Tire Mfg","Rgn,Div","Course 1","Score","","","2.00","41","Jared Phillippe","2007 Infiniti G35","","STL","DNF","DNF","DNF"," 64.165","","","","","","","64.707","64.165","","(4.470)","","","","","","","","","","","","","","","","","","","","","","","","","Pronto Timing System","6/15/2021   4:07:31PM","Page 1 of 1","www.ProntoTimingSystem.com"
"Results","2021 St Louis Region SCCA Event 3 June 13, 2021","www.ProntoTimingSystem.com","Pos","Nbr","Driver's name, Town","Car, Sponsor","Tire Mfg","Rgn,Div","Course 1","Score","C Street","Drivers: 3","Trophies: 1","","T","","1.00","91","Michael Ball","2019 Mazda Miata","","STL","57.217","58.168(1)","56.011"," 54.996","","","","","","","55.386","54.996","","","","","","","","","","","","","","","","","","","","","","","","","","","Pronto Timing System","6/15/2021   4:07:31PM","Page 1 of 1","www.ProntoTimingSystem.com"
"Results","2021 St Louis Region SCCA Event 3 June 13, 2021","www.ProntoTimingSystem.com","Pos","Nbr","Driver's name, Town","Car, Sponsor","Tire Mfg","Rgn,Div","Course 1","Score","","","2.00","66","Julio Serra","2011 Mazda Miata","","STL","63.047","64.081(1)","61.349(1)"," 59.418","","","","","","","61.119","59.418","","(4.422)","","","","","","","","","","","","","","","","","","","","","","","","","Pronto Timing System","6/15/2021   4:07:31PM","Page 1 of 1","www.ProntoTimingSystem.com"
"Results","2021 St Louis Region SCCA Event 3 June 13, 2021","www.ProntoTimingSystem.com","Pos","Nbr","Driver's name, Town","Car, Sponsor","Tire Mfg","Rgn,Div","Course 1","Score","","","3.00","44","John Tinsley","2008 Mazda MX-5 Miata","","STL","69.855(1)","63.609","64.584(1)"," 62.774","","","","","","","DNF","62.774(1)","","(3.356)","","","","","","","","","","","","","","","","","","","","","","","","","Pronto Timing System","6/15/2021   4:07:31PM","Page 1 of 1","www.ProntoTimingSystem.com"
"Results","2021 St Louis Region SCCA Event 3 June 13, 2021","www.ProntoTimingSystem.com","Pos","Nbr","Driver's name, Town","Car, Sponsor","Tire Mfg","Rgn,Div","Course 1","Score","D Street","Drivers: 2","Trophies: 1","","T","R","1.00","96","Kevin Minton","2020 Subaru WRX","","","62.532","61.644","62.417"," 61.644","","","","","","","62.574","61.889","","","","","","","","","","","","","","","","","","","","","","","","","","","Pronto Timing System","6/15/2021   4:07:31PM","Page 1 of 1","www.ProntoTimingSystem.com"
"Results","2021 St Louis Region SCCA Event 3 June 13, 2021","www.ProntoTimingSystem.com","Pos","Nbr","Driver's name, Town","Car, Sponsor","Tire Mfg","Rgn,Div","Course 1","Score","","R","2.00","21","Kylie Penn","2005 Mini Cooper S","","","91.332","85.119(1)","DNF"," 79.066","","","","","","","82.190","79.066","","(17.422)","","","","","","","","","","","","","","","","","","","","","","","","","Pronto Timing System","6/15/2021   4:07:31PM","Page 1 of 1","www.ProntoTimingSystem.com"
"Results","2021 St Louis Region SCCA Event 3 June 13, 2021","www.ProntoTimingSystem.com","Pos","Nbr","Driver's name, Town","Car, Sponsor","Tire Mfg","Rgn,Div","Course 1","Score","E Street","Drivers: 8","Trophies: 3","","T","","1.00","77","Jake Blum","2000 Mazda Miata","","STL","61.404(1)","57.333","DNF"," 56.408","","","","","","","57.124","56.408","","","","","","","","","","","","","","","","","","","","","","","","","","","Pronto Timing System","6/15/2021   4:07:31PM","Page 1 of 1","www.ProntoTimingSystem.com"
"Results","2021 St Louis Region SCCA Event 3 June 13, 2021","www.ProntoTimingSystem.com","Pos","Nbr","Driver's name, Town","Car, Sponsor","Tire Mfg","Rgn,Div","Course 1","Score","T","","2.00","177","Jonathan Newton","2000 Mazda Miata","","STL","62.904","DNF","59.304"," 57.782","","","","","","","57.782","59.375","","(1.374)","","","","","","","","","","","","","","","","","","","","","","","","","Pronto Timing System","6/15/2021   4:07:31PM","Page 1 of 1","www.ProntoTimingSystem.com"
"Results","2021 St Louis Region SCCA Event 3 June 13, 2021","www.ProntoTimingSystem.com","Pos","Nbr","Driver's name, Town","Car, Sponsor","Tire Mfg","Rgn,Div","Course 1","Score","T","","3.00","18","Thomas Cindrich","1999 Mazda Miata","","STL","DNF","60.918","59.447"," 58.633","","","","","","","58.633","DNF","","(0.851)","","","","","","","","","","","","","","","","","","","","","","","","","Pronto Timing System","6/15/2021   4:07:31PM","Page 1 of 1","www.ProntoTimingSystem.com"
"Results","2021 St Louis Region SCCA Event 3 June 13, 2021","www.ProntoTimingSystem.com","Pos","Nbr","Driver's name, Town","Car, Sponsor","Tire Mfg","Rgn,Div","Course 1","Score","","","4.00","29","Patrick Dent","1999 Mazda Miata","","STL","64.147","61.036","63.005(1)"," 59.258","","","","","","","59.258","59.350","","(0.625)","","","","","","","","","","","","","","","","","","","","","","","","","Pronto Timing System","6/15/2021   4:07:31PM","Page 1 of 1","www.ProntoTimingSystem.com"
"Results","2021 St Louis Region SCCA Event 3 June 13, 2021","www.ProntoTimingSystem.com","Pos","Nbr","Driver's name, Town","Car, Sponsor","Tire Mfg","Rgn,Div","Course 1","Score","","R","5.00","99","Emily Skoglund","2000 Mazda Miata","","STL","63.616","60.460","DNF"," 60.460","","","","","","","62.444(1)","94.562","","(1.202)","","","","","","","","","","","","","","","","","","","","","","","","","Pronto Timing System","6/15/2021   4:07:31PM","Page 1 of 1","www.ProntoTimingSystem.com"
"Results","2021 St Louis Region SCCA Event 3 June 13, 2021","www.ProntoTimingSystem.com","Pos","Nbr","Driver's name, Town","Car, Sponsor","Tire Mfg","Rgn,Div","Course 1","Score","","R","6.00","92","Emilia Wright","2001 Mazda Miata","","STL","68.676","69.060(2)","62.009"," 61.344","","","","","","","64.418(1)","61.344","","(0.884)","","","","","","","","","","","","","","","","","","","","","","","","","Pronto Timing System","6/15/2021   4:07:31PM","Page 1 of 1","www.ProntoTimingSystem.com"
"Results","2021 St Louis Region SCCA Event 3 June 13, 2021","www.ProntoTimingSystem.com","Pos","Nbr","Driver's name, Town","Car, Sponsor","Tire Mfg","Rgn,Div","Course 1","Score","","","7.00","21","Mason McGavock","1991 Mazda Miata","","STL","63.162","DNF","63.585(1)"," 61.772","","","","","","","61.772","62.228","","(0.428)","","","","","","","","","","","","","","","","","","","","","","","","","Pronto Timing System","6/15/2021   4:07:31PM","Page 1 of 1","www.ProntoTimingSystem.com"
"Results","2021 St Louis Region SCCA Event 3 June 13, 2021","www.ProntoTimingSystem.com","Pos","Nbr","Driver's name, Town","Car, Sponsor","Tire Mfg","Rgn,Div","Course 1","Score","","R","8.00","71","Steve Reardon","1999 Mazda Miata","","STL","DNF","DNF","DNF"," 66.035","","","","","","","66.340","66.035","","(4.263)","","","","","","","","","","","","","","","","","","","","","","","","","Pronto Timing System","6/15/2021   4:07:31PM","Page 1 of 1","www.ProntoTimingSystem.com"
"Results","2021 St Louis Region SCCA Event 3 June 13, 2021","www.ProntoTimingSystem.com","Pos","Nbr","Driver's name, Town","Car, Sponsor","Tire Mfg","Rgn,Div","Course 1","Score","F Street","Drivers: 8","Trophies: 3","","T","","1.00","127","Alex Osborn","2016 Cadillac Ats","","STL","59.250","57.800","58.092"," 57.337","","","","","","","DNF","57.337","","","","","","","","","","","","","","","","","","","","","","","","","","","Pronto Timing System","6/15/2021   4:07:31PM","Page 1 of 1","www.ProntoTimingSystem.com"
"Results","2021 St Louis Region SCCA Event 3 June 13, 2021","www.ProntoTimingSystem.com","Pos","Nbr","Driver's name, Town","Car, Sponsor","Tire Mfg","Rgn,Div","Course 1","Score","T","","2.00","50","Greg Camarda","2021 BMW M340i xDrive","","STL","63.455","62.445","61.622"," 59.711","","","","","","","60.702","59.711","","(2.374)","","","","","","","","","","","","","","","","","","","","","","","","","Pronto Timing System","6/15/2021   4:07:31PM","Page 1 of 1","www.ProntoTimingSystem.com"
"Results","2021 St Louis Region SCCA Event 3 June 13, 2021","www.ProntoTimingSystem.com","Pos","Nbr","Driver's name, Town","Car, Sponsor","Tire Mfg","Rgn,Div","Course 1","Score","T","R","3.00","84","Nick White","2010 BMW M3","","STL","62.720","61.392","60.902"," 60.902","","","","","","","DNF","61.879","","(1.191)","","","","","","","","","","","","","","","","","","","","","","","","","Pronto Timing System","6/15/2021   4:07:31PM","Page 1 of 1","www.ProntoTimingSystem.com"
"Results","2021 St Louis Region SCCA Event 3 June 13, 2021","www.ProntoTimingSystem.com","Pos","Nbr","Driver's name, Town","Car, Sponsor","Tire Mfg","Rgn,Div","Course 1","Score","","R","4.00","27","Connor Sellers","2016 Cadillac Ats","","STL","DNF","65.624","63.331"," 62.229","","","","","","","62.229","67.264(2)","","(1.327)","","","","","","","","","","","","","","","","","","","","","","","","","Pronto Timing System","6/15/2021   4:07:31PM","Page 1 of 1","www.ProntoTimingSystem.com"
"Results","2021 St Louis Region SCCA Event 3 June 13, 2021","www.ProntoTimingSystem.com","Pos","Nbr","Driver's name, Town","Car, Sponsor","Tire Mfg","Rgn,Div","Course 1","Score","","","5.00","71","Steven Ong","2002 Chevrolet Camaro","","STL","66.063","69.324(1)","DNF"," 65.673","","","","","","","70.603(2)","65.673","","(3.444)","","","","","","","","","","","","","","","","","","","","","","","","","Pronto Timing System","6/15/2021   4:07:31PM","Page 1 of 1","www.ProntoTimingSystem.com"
"Results","2021 St Louis Region SCCA Event 3 June 13, 2021","www.ProntoTimingSystem.com","Pos","Nbr","Driver's name, Town","Car, Sponsor","Tire Mfg","Rgn,Div","Course 1","Score","","R","6.00","150","Sammi Young","2021 BMW M340i xDrive","","","96.701","84.461","74.690"," 73.930","","","","","","","74.061","73.930","","(8.257)","","","","","","","","","","","","","","","","","","","","","","","","","Pronto Timing System","6/15/2021   4:07:31PM","Page 1 of 1","www.ProntoTimingSystem.com"
"Results","2021 St Louis Region SCCA Event 3 June 13, 2021","www.ProntoTimingSystem.com","Pos","Nbr","Driver's name, Town","Car, Sponsor","Tire Mfg","Rgn,Div","Course 1","Score","","","7.00","34","Collin Elmer","2019 Dodge Challenger R","","STL","DNF","80.512","79.190"," 75.034","","","","","","","75.514","75.034","","(1.104)","","","","","","","","","","","","","","","","","","","","","","","","","Pronto Timing System","6/15/2021   4:07:31PM","Page 1 of 1","www.ProntoTimingSystem.com"
"Results","2021 St Louis Region SCCA Event 3 June 13, 2021","www.ProntoTimingSystem.com","Pos","Nbr","Driver's name, Town","Car, Sponsor","Tire Mfg","Rgn,Div","Course 1","Score","","R","0.00","77","danielle declue","2015 Ford Mustang","","","92.226","78.333","75.519(1)","No Time","","","","","","","70.259","71.973","","","","","","","","","","","","","","","","","","","","","","","","","","","Pronto Timing System","6/15/2021   4:07:31PM","Page 1 of 1","www.ProntoTimingSystem.com"
"Results","2021 St Louis Region SCCA Event 3 June 13, 2021","www.ProntoTimingSystem.com","Pos","Nbr","Driver's name, Town","Car, Sponsor","Tire Mfg","Rgn,Div","Course 1","Score","G Street","Drivers: 6","Trophies: 2","","T","","1.00","19","Chris Mertens","2011 Hyundai Genesis Coupe","","STL","DNF","RRN","59.385"," 57.831","","","","","","","57.831","57.938","59.338(1)","","","","","","","","","","","","","","","","","","","","","","","","","","Pronto Timing System","6/15/2021   4:07:31PM","Page 1 of 1","www.ProntoTimingSystem.com"
"Results","2021 St Louis Region SCCA Event 3 June 13, 2021","www.ProntoTimingSystem.com","Pos","Nbr","Driver's name, Town","Car, Sponsor","Tire Mfg","Rgn,Div","Course 1","Score","T","","2.00","76","David Zemon","2016 Volkswagen GTI","","STL","59.664","DNF","DNF"," 57.863","","","","","","","59.230","57.863","58.133","(0.032)","","","","","","","","","","","","","","","","","","","","","","","","","Pronto Timing System","6/15/2021   4:07:31PM","Page 1 of 1","www.ProntoTimingSystem.com"
"Results","2021 St Louis Region SCCA Event 3 June 13, 2021","www.ProntoTimingSystem.com","Pos","Nbr","Driver's name, Town","Car, Sponsor","Tire Mfg","Rgn,Div","Course 1","Score","","","3.00","44","John Schwartz","2015 Ford Focus ST","","OZMT","DNF","65.639","63.509"," 62.488","","","","","","","62.488","64.906(1)","","(4.625)","","","","","","","","","","","","","","","","","","","","","","","","","Pronto Timing System","6/15/2021   4:07:31PM","Page 1 of 1","www.ProntoTimingSystem.com"
"Results","2021 St Louis Region SCCA Event 3 June 13, 2021","www.ProntoTimingSystem.com","Pos","Nbr","Driver's name, Town","Car, Sponsor","Tire Mfg","Rgn,Div","Course 1","Score","","R","4.00","51","Christopher Buss","2020 Honda Civic Si","","STL","70.276","66.827","65.930"," 65.835","","","","","","","67.790(1)","65.835","","(3.347)","","","","","","","","","","","","","","","","","","","","","","","","","Pronto Timing System","6/15/2021   4:07:31PM","Page 1 of 1","www.ProntoTimingSystem.com"
"Results","2021 St Louis Region SCCA Event 3 June 13, 2021","www.ProntoTimingSystem.com","Pos","Nbr","Driver's name, Town","Car, Sponsor","Tire Mfg","Rgn,Div","Course 1","Score","","R","5.00","176","Todd OBoyle","2006 BMW 325 Ci","","STL","70.617","67.399","70.172"," 66.381","","","","","","","68.203","66.381","","(0.546)","","","","","","","","","","","","","","","","","","","","","","","","","Pronto Timing System","6/15/2021   4:07:31PM","Page 1 of 1","www.ProntoTimingSystem.com"
"Results","2021 St Louis Region SCCA Event 3 June 13, 2021","www.ProntoTimingSystem.com","Pos","Nbr","Driver's name, Town","Car, Sponsor","Tire Mfg","Rgn,Div","Course 1","Score","","R","0.00","41","Steven Fuller","2005 Saab 9-3/","","","DNF","DNF","DNF","No Time","","","","","","","DNF","DNF","","","","","","","","","","","","","","","","","","","","","","","","","","","Pronto Timing System","6/15/2021   4:07:31PM","Page 1 of 1","www.ProntoTimingSystem.com"
"Results","2021 St Louis Region SCCA Event 3 June 13, 2021","www.ProntoTimingSystem.com","Pos","Nbr","Driver's name, Town","Car, Sponsor","Tire Mfg","Rgn,Div","Course 1","Score","G Street Ladies","Drivers: 2","Trophies: 1","","T","","1.00","29","April Mertens","2011 Hyundai Genesis Coupe","","STL","65.493(1)","59.611","60.248"," 58.900","","","","","","","64.237(2)","58.900","","","","","","","","","","","","","","","","","","","","","","","","","","","Pronto Timing System","6/15/2021   4:07:31PM","Page 1 of 1","www.ProntoTimingSystem.com"
"Results","2021 St Louis Region SCCA Event 3 June 13, 2021","www.ProntoTimingSystem.com","Pos","Nbr","Driver's name, Town","Car, Sponsor","Tire Mfg","Rgn,Div","Course 1","Score","","","2.00","129","Katherina Schnardthorst","2011 Hyundai Genesis Coupe","","STL","DNF","69.119","67.766"," 66.563","","","","","","","68.445","66.563","","(7.663)","","","","","","","","","","","","","","","","","","","","","","","","","Pronto Timing System","6/15/2021   4:07:31PM","Page 1 of 1","www.ProntoTimingSystem.com"
"Results","2021 St Louis Region SCCA Event 3 June 13, 2021","www.ProntoTimingSystem.com","Pos","Nbr","Driver's name, Town","Car, Sponsor","Tire Mfg","Rgn,Div","Course 1","Score","H Street","Drivers: 6","Trophies: 2","","T","","1.00","42","Abe Remsbecker","2020 Mazda 6/","","STL","63.358","62.480","61.658"," 61.658","","","","","","","61.764","62.568(1)","","","","","","","","","","","","","","","","","","","","","","","","","","","Pronto Timing System","6/15/2021   4:07:31PM","Page 1 of 1","www.ProntoTimingSystem.com"
"Results","2021 St Louis Region SCCA Event 3 June 13, 2021","www.ProntoTimingSystem.com","Pos","Nbr","Driver's name, Town","Car, Sponsor","Tire Mfg","Rgn,Div","Course 1","Score","T","","2.00","31","Michael Glowicki","2013 Hyundai Veloster Turbo","","SILR","67.123","66.658","DNF"," 62.729","","","","","","","62.729","63.740(1)","","(1.071)","","","","","","","","","","","","","","","","","","","","","","","","","Pronto Timing System","6/15/2021   4:07:31PM","Page 1 of 1","www.ProntoTimingSystem.com"
"Results","2021 St Louis Region SCCA Event 3 June 13, 2021","www.ProntoTimingSystem.com","Pos","Nbr","Driver's name, Town","Car, Sponsor","Tire Mfg","Rgn,Div","Course 1","Score","","","3.00","77","Ian Couch","2008 Dodge Avenger","","STL","67.947","68.073","68.107(1)"," 65.072","","","","","","","66.528","65.072","","(2.343)","","","","","","","","","","","","","","","","","","","","","","","","","Pronto Timing System","6/15/2021   4:07:31PM","Page 1 of 1","www.ProntoTimingSystem.com"
"Results","2021 St Louis Region SCCA Event 3 June 13, 2021","www.ProntoTimingSystem.com","Pos","Nbr","Driver's name, Town","Car, Sponsor","Tire Mfg","Rgn,Div","Course 1","Score","","","4.00","98","Alexander DeWan","2018 Mazda 6","","STL","73.782","70.194","67.980"," 67.980","","","","","","","68.372","DNF","","(2.908)","","","","","","","","","","","","","","","","","","","","","","","","","Pronto Timing System","6/15/2021   4:07:31PM","Page 1 of 1","www.ProntoTimingSystem.com"
"Results","2021 St Louis Region SCCA Event 3 June 13, 2021","www.ProntoTimingSystem.com","Pos","Nbr","Driver's name, Town","Car, Sponsor","Tire Mfg","Rgn,Div","Course 1","Score","","R","5.00","21","Dan McCoy","2016 Ford Fiesta ST","","STL","78.233","DNF","DNF"," 72.938","","","","","","","76.078","72.938","","(4.958)","","","","","","","","","","","","","","","","","","","","","","","","","Pronto Timing System","6/15/2021   4:07:31PM","Page 1 of 1","www.ProntoTimingSystem.com"
"Results","2021 St Louis Region SCCA Event 3 June 13, 2021","www.ProntoTimingSystem.com","Pos","Nbr","Driver's name, Town","Car, Sponsor","Tire Mfg","Rgn,Div","Course 1","Score","","R","6.00","55","Robert Bart","2012 Chevrolet Cruze","","STL","DNF","DNF","93.224"," 80.683","","","","","","","DNF","83.394","80.683","(7.745)","","","","","","","","","","","","","","","","","","","","","","","","","Pronto Timing System","6/15/2021   4:07:31PM","Page 1 of 1","www.ProntoTimingSystem.com"
"Results","2021 St Louis Region SCCA Event 3 June 13, 2021","www.ProntoTimingSystem.com","Pos","Nbr","Driver's name, Town","Car, Sponsor","Tire Mfg","Rgn,Div","Course 1","Score","Solo Spec Coupe","Drivers: 3","Trophies: 1","","T","","1.00","1","Chris Hammond","2016 Scion FR-S","","STL","54.679","54.440","53.381"," 53.381","","","","","","","","","","","","","","","","","","","","","","","","","","","","","","","","","","","Pronto Timing System","6/15/2021   4:07:31PM","Page 1 of 1","www.ProntoTimingSystem.com"
"Results","2021 St Louis Region SCCA Event 3 June 13, 2021","www.ProntoTimingSystem.com","Pos","Nbr","Driver's name, Town","Car, Sponsor","Tire Mfg","Rgn,Div","Course 1","Score","","","2.00","956","Juan Carbone","2013 Scion frs","","Iowa","58.715(1)","59.776(2)","55.804"," 54.620","","","","","","","DNF","54.620","","(1.239)","","","","","","","","","","","","","","","","","","","","","","","","","Pronto Timing System","6/15/2021   4:07:31PM","Page 1 of 1","www.ProntoTimingSystem.com"
"Results","2021 St Louis Region SCCA Event 3 June 13, 2021","www.ProntoTimingSystem.com","Pos","Nbr","Driver's name, Town","Car, Sponsor","Tire Mfg","Rgn,Div","Course 1","Score","","","3.00","91","Thomas Sotiropoulos","2016 Scion FR-S","","STL","55.415","57.618(1)","149.996"," 55.415","","","","","","","","","","(0.795)","","","","","","","","","","","","","","","","","","","","","","","","","Pronto Timing System","6/15/2021   4:07:31PM","Page 1 of 1","www.ProntoTimingSystem.com"
"Results","2021 St Louis Region SCCA Event 3 June 13, 2021","www.ProntoTimingSystem.com","Pos","Nbr","Driver's name, Town","Car, Sponsor","Tire Mfg","Rgn,Div","Course 1","Score","Street Touring Category"
"Street Touring Hatch","Drivers: 10","Trophies: 4","","T","","1.00","67","David Piel","2003 Subaru WRX","","STL","60.257","DNF","57.473"," 56.465","","","","","","","57.246","56.465","","","","","","","","","","","","","","","","","","","","","","","","","","","Pronto Timing System","6/15/2021   4:07:31PM","Page 1 of 1","www.ProntoTimingSystem.com"
"Results","2021 St Louis Region SCCA Event 3 June 13, 2021","www.ProntoTimingSystem.com","Pos","Nbr","Driver's name, Town","Car, Sponsor","Tire Mfg","Rgn,Div","Course 1","Score","T","","2.00","42","Will Fox","2017 Volkswagen Golf GTI","","STL","57.185","66.627","56.856"," 56.856","","","","","","","","","","(0.391)","","","","","","","","","","","","","","","","","","","","","","","","","Pronto Timing System","6/15/2021   4:07:31PM","Page 1 of 1","www.ProntoTimingSystem.com"
"Results","2021 St Louis Region SCCA Event 3 June 13, 2021","www.ProntoTimingSystem.com","Pos","Nbr","Driver's name, Town","Car, Sponsor","Tire Mfg","Rgn,Div","Course 1","Score","T","","3.00","57","Carter Piel","2003 Subaru Impreza WRX","","STL","DNF","60.460","59.731"," 57.416","","","","","","","58.156","57.416","","(0.560)","","","","","","","","","","","","","","","","","","","","","","","","","Pronto Timing System","6/15/2021   4:07:31PM","Page 1 of 1","www.ProntoTimingSystem.com"
"Results","2021 St Louis Region SCCA Event 3 June 13, 2021","www.ProntoTimingSystem.com","Pos","Nbr","Driver's name, Town","Car, Sponsor","Tire Mfg","Rgn,Div","Course 1","Score","T","","4.00","32","Hunter Kidwell","2017 Ford Focus ST","","CILL","61.496","DNF","61.930(1)"," 58.864","","","","","","","60.185","59.753","58.864","(1.448)","","","","","","","","","","","","","","","","","","","","","","","","","Pronto Timing System","6/15/2021   4:07:31PM","Page 1 of 1","www.ProntoTimingSystem.com"
"Results","2021 St Louis Region SCCA Event 3 June 13, 2021","www.ProntoTimingSystem.com","Pos","Nbr","Driver's name, Town","Car, Sponsor","Tire Mfg","Rgn,Div","Course 1","Score","","","5.00","43","Adam Buffa","2016 Volkswagen GTI","","STL","62.066","62.127","60.409"," 59.007","","","","","","","59.876","59.007","","(0.143)","","","","","","","","","","","","","","","","","","","","","","","","","Pronto Timing System","6/15/2021   4:07:31PM","Page 1 of 1","www.ProntoTimingSystem.com"
"Results","2021 St Louis Region SCCA Event 3 June 13, 2021","www.ProntoTimingSystem.com","Pos","Nbr","Driver's name, Town","Car, Sponsor","Tire Mfg","Rgn,Div","Course 1","Score","","","6.00","45","Christopher Aman","2012 Volkswagen Golf R","","STL","60.391","60.165","60.656"," 59.320","","","","","","","59.320","64.905(3)","","(0.313)","","","","","","","","","","","","","","","","","","","","","","","","","Pronto Timing System","6/15/2021   4:07:31PM","Page 1 of 1","www.ProntoTimingSystem.com"
"Results","2021 St Louis Region SCCA Event 3 June 13, 2021","www.ProntoTimingSystem.com","Pos","Nbr","Driver's name, Town","Car, Sponsor","Tire Mfg","Rgn,Div","Course 1","Score","","","7.00","76","Rich Dao","2014 Volkswagen Tiguan/","","STL","64.573","59.671","60.161"," 59.671","","","","","","","DNF","60.184","","(0.351)","","","","","","","","","","","","","","","","","","","","","","","","","Pronto Timing System","6/15/2021   4:07:31PM","Page 1 of 1","www.ProntoTimingSystem.com"
"Results","2021 St Louis Region SCCA Event 3 June 13, 2021","www.ProntoTimingSystem.com","Pos","Nbr","Driver's name, Town","Car, Sponsor","Tire Mfg","Rgn,Div","Course 1","Score","","R","8.00","111","Richard Lober","2019 Volkswagen GTI","","STL","71.492","65.454","63.893"," 60.450","","","","","","","61.240","60.450","","(0.779)","","","","","","","","","","","","","","","","","","","","","","","","","Pronto Timing System","6/15/2021   4:07:31PM","Page 1 of 1","www.ProntoTimingSystem.com"
"Results","2021 St Louis Region SCCA Event 3 June 13, 2021","www.ProntoTimingSystem.com","Pos","Nbr","Driver's name, Town","Car, Sponsor","Tire Mfg","Rgn,Div","Course 1","Score","","","9.00","53","Ken Foy","2014 Ford Focus ST","","STL","DNF","60.855","62.901(2)"," 60.855","","","","","","","64.070(2)","DNF","","(0.405)","","","","","","","","","","","","","","","","","","","","","","","","","Pronto Timing System","6/15/2021   4:07:31PM","Page 1 of 1","www.ProntoTimingSystem.com"
"Results","2021 St Louis Region SCCA Event 3 June 13, 2021","www.ProntoTimingSystem.com","Pos","Nbr","Driver's name, Town","Car, Sponsor","Tire Mfg","Rgn,Div","Course 1","Score","","R","10.00","23","David Kley","2012 Fiat 500 Abarth","","STL","DNF","DNF","64.171"," 64.171","","","","","","","65.313(1)","64.709(1)","","(3.316)","","","","","","","","","","","","","","","","","","","","","","","","","Pronto Timing System","6/15/2021   4:07:31PM","Page 1 of 1","www.ProntoTimingSystem.com"
"Results","2021 St Louis Region SCCA Event 3 June 13, 2021","www.ProntoTimingSystem.com","Pos","Nbr","Driver's name, Town","Car, Sponsor","Tire Mfg","Rgn,Div","Course 1","Score","Street Touring Sport","Drivers: 4","Trophies: 2","","T","","1.00","169","Brice Wyatt","2003 Honda Civic/","","STL","63.153","65.351","64.374"," 62.768","","","","","","","62.768","63.551","","","","","","","","","","","","","","","","","","","","","","","","","","","Pronto Timing System","6/15/2021   4:07:31PM","Page 1 of 1","www.ProntoTimingSystem.com"
"Results","2021 St Louis Region SCCA Event 3 June 13, 2021","www.ProntoTimingSystem.com","Pos","Nbr","Driver's name, Town","Car, Sponsor","Tire Mfg","Rgn,Div","Course 1","Score","T","R","2.00","47","Andrew Dutton","2005 Acura TL","","STL","75.098","68.984","67.952"," 66.486","","","","","","","67.434","66.486","","(3.718)","","","","","","","","","","","","","","","","","","","","","","","","","Pronto Timing System","6/15/2021   4:07:31PM","Page 1 of 1","www.ProntoTimingSystem.com"
"Results","2021 St Louis Region SCCA Event 3 June 13, 2021","www.ProntoTimingSystem.com","Pos","Nbr","Driver's name, Town","Car, Sponsor","Tire Mfg","Rgn,Div","Course 1","Score","","R","3.00","69","Brian Issleib","2003 Honda Civic","","","70.581","67.647","DNF"," 67.647","","","","","","","72.454(1)","68.072(1)","","(1.161)","","","","","","","","","","","","","","","","","","","","","","","","","Pronto Timing System","6/15/2021   4:07:31PM","Page 1 of 1","www.ProntoTimingSystem.com"
"Results","2021 St Louis Region SCCA Event 3 June 13, 2021","www.ProntoTimingSystem.com","Pos","Nbr","Driver's name, Town","Car, Sponsor","Tire Mfg","Rgn,Div","Course 1","Score","","R","0.00","22","Christopher Martin","2000 Honda Civic Si","","STL","DNF","DNF","DNF","No Time","","","","","","","65.299","DNF","","","","","","","","","","","","","","","","","","","","","","","","","","","Pronto Timing System","6/15/2021   4:07:31PM","Page 1 of 1","www.ProntoTimingSystem.com"
"Results","2021 St Louis Region SCCA Event 3 June 13, 2021","www.ProntoTimingSystem.com","Pos","Nbr","Driver's name, Town","Car, Sponsor","Tire Mfg","Rgn,Div","Course 1","Score","Street Touring Xtreme","Drivers: 3","Trophies: 1","","T","","1.00","40","Tyler Potter","2013 Scion FR-S","","STL","58.394","57.457","56.934"," 56.934","","","","","","","61.530(2)","59.817(1)","","","","","","","","","","","","","","","","","","","","","","","","","","","Pronto Timing System","6/15/2021   4:07:31PM","Page 1 of 1","www.ProntoTimingSystem.com"
"Results","2021 St Louis Region SCCA Event 3 June 13, 2021","www.ProntoTimingSystem.com","Pos","Nbr","Driver's name, Town","Car, Sponsor","Tire Mfg","Rgn,Div","Course 1","Score","","","2.00","140","Trevor Potter"," Scion FRS/","","STL","61.475(1)","59.965","60.229(1)"," 57.367","","","","","","","57.770","57.367","","(0.433)","","","","","","","","","","","","","","","","","","","","","","","","","Pronto Timing System","6/15/2021   4:07:31PM","Page 1 of 1","www.ProntoTimingSystem.com"
"Results","2021 St Louis Region SCCA Event 3 June 13, 2021","www.ProntoTimingSystem.com","Pos","Nbr","Driver's name, Town","Car, Sponsor","Tire Mfg","Rgn,Div","Course 1","Score","","R","0.00","111","Matt Simonson","2001 Acura Integra","","STL","DNF","61.514","60.339","No Time","","","","","","","73.876","DNF","","","","","","","","","","","","","","","","","","","","","","","","","","","Pronto Timing System","6/15/2021   4:07:31PM","Page 1 of 1","www.ProntoTimingSystem.com"
"Results","2021 St Louis Region SCCA Event 3 June 13, 2021","www.ProntoTimingSystem.com","Pos","Nbr","Driver's name, Town","Car, Sponsor","Tire Mfg","Rgn,Div","Course 1","Score","Street Touring R","Drivers: 13","Trophies: 4","","T","","1.00","7","Steven Burkett","2019 Mazda MX-5","","SILR","58.319(2)","55.796(1)","56.340(1)"," 54.205","","","","","","","55.247","54.205","","","","","","","","","","","","","","","","","","","","","","","","","","","Pronto Timing System","6/15/2021   4:07:31PM","Page 1 of 1","www.ProntoTimingSystem.com"
"Results","2021 St Louis Region SCCA Event 3 June 13, 2021","www.ProntoTimingSystem.com","Pos","Nbr","Driver's name, Town","Car, Sponsor","Tire Mfg","Rgn,Div","Course 1","Score","T","","2.00","71","John McDonnell","2019 Mazda Mx-5","","STL","57.618","55.326","54.533"," 54.533","","","","","","","55.407","55.449","","(0.328)","","","","","","","","","","","","","","","","","","","","","","","","","Pronto Timing System","6/15/2021   4:07:31PM","Page 1 of 1","www.ProntoTimingSystem.com"
"Results","2021 St Louis Region SCCA Event 3 June 13, 2021","www.ProntoTimingSystem.com","Pos","Nbr","Driver's name, Town","Car, Sponsor","Tire Mfg","Rgn,Div","Course 1","Score","T","","3.00","95","Brett Schrum","1995 Mazda Miata","","STL","63.865(1)","58.806","DNF"," 56.872","","","","","","","56.872","57.245","","(2.339)","","","","","","","","","","","","","","","","","","","","","","","","","Pronto Timing System","6/15/2021   4:07:31PM","Page 1 of 1","www.ProntoTimingSystem.com"
"Results","2021 St Louis Region SCCA Event 3 June 13, 2021","www.ProntoTimingSystem.com","Pos","Nbr","Driver's name, Town","Car, Sponsor","Tire Mfg","Rgn,Div","Course 1","Score","T","","4.00","32","Adam Taylor","2009 Mazda Miata","","STL","62.556(2)","59.291","64.481(1)"," 57.905","","","","","","","61.262(1)","57.905","","(1.033)","","","","","","","","","","","","","","","","","","","","","","","","","Pronto Timing System","6/15/2021   4:07:31PM","Page 1 of 1","www.ProntoTimingSystem.com"
"Results","2021 St Louis Region SCCA Event 3 June 13, 2021","www.ProntoTimingSystem.com","Pos","Nbr","Driver's name, Town","Car, Sponsor","Tire Mfg","Rgn,Div","Course 1","Score","","","5.00","69","Jeff Hutchinson","2002 Mazda Miata","","","DNF","59.788","61.063(1)"," 58.109","","","","","","","59.987","58.109","","(0.204)","","","","","","","","","","","","","","","","","","","","","","","","","Pronto Timing System","6/15/2021   4:07:31PM","Page 1 of 1","www.ProntoTimingSystem.com"
"Results","2021 St Louis Region SCCA Event 3 June 13, 2021","www.ProntoTimingSystem.com","Pos","Nbr","Driver's name, Town","Car, Sponsor","Tire Mfg","Rgn,Div","Course 1","Score","","","6.00","174","Alex Simons","2006 Mazda MX5/","","STL","62.405","62.300(1)","62.293"," 60.170","","","","","","","61.572","60.170","","(2.061)","","","","","","","","","","","","","","","","","","","","","","","","","Pronto Timing System","6/15/2021   4:07:31PM","Page 1 of 1","www.ProntoTimingSystem.com"
"Results","2021 St Louis Region SCCA Event 3 June 13, 2021","www.ProntoTimingSystem.com","Pos","Nbr","Driver's name, Town","Car, Sponsor","Tire Mfg","Rgn,Div","Course 1","Score","","","7.00","66","Karl Bumstead","2002 Mazda Miata","","","DNF","64.594","61.294"," 60.223","","","","","","","DNF","60.223","DNF","(0.053)","","","","","","","","","","","","","","","","","","","","","","","","","Pronto Timing System","6/15/2021   4:07:31PM","Page 1 of 1","www.ProntoTimingSystem.com"
"Results","2021 St Louis Region SCCA Event 3 June 13, 2021","www.ProntoTimingSystem.com","Pos","Nbr","Driver's name, Town","Car, Sponsor","Tire Mfg","Rgn,Div","Course 1","Score","","","8.00","74","Rob Simons","2006 Mazda MX5","","STL","61.710","61.898(1)","RRN"," 60.635","","","","","","","DNF","60.635","DNF","(0.412)","","","","","","","","","","","","","","","","","","","","","","","","","Pronto Timing System","6/15/2021   4:07:31PM","Page 1 of 1","www.ProntoTimingSystem.com"
"Results","2021 St Louis Region SCCA Event 3 June 13, 2021","www.ProntoTimingSystem.com","Pos","Nbr","Driver's name, Town","Car, Sponsor","Tire Mfg","Rgn,Div","Course 1","Score","","","9.00","186","Christopher Meyer","2003 Mazda miata","","GtRv","61.265","RRN","61.938(1)"," 61.265","","","","","","","DNF","","","(0.630)","","","","","","","","","","","","","","","","","","","","","","","","","Pronto Timing System","6/15/2021   4:07:31PM","Page 1 of 1","www.ProntoTimingSystem.com"
"Results","2021 St Louis Region SCCA Event 3 June 13, 2021","www.ProntoTimingSystem.com","Pos","Nbr","Driver's name, Town","Car, Sponsor","Tire Mfg","Rgn,Div","Course 1","Score","","","10.00","68","David Craig","2007 Mazda MX5","","STL","70.462","64.245","65.035"," 62.355","","","","","","","63.371","62.355","","(1.090)","","","","","","","","","","","","","","","","","","","","","","","","","Pronto Timing System","6/15/2021   4:07:31PM","Page 1 of 1","www.ProntoTimingSystem.com"
"Results","2021 St Louis Region SCCA Event 3 June 13, 2021","www.ProntoTimingSystem.com","Pos","Nbr","Driver's name, Town","Car, Sponsor","Tire Mfg","Rgn,Div","Course 1","Score","","","11.00","92","Jon Burke","2001 Mazda Miata","","","72.842","DNF","DNF"," 64.877","","","","","","","65.076","64.877(1)","","(2.522)","","","","","","","","","","","","","","","","","","","","","","","","","Pronto Timing System","6/15/2021   4:07:31PM","Page 1 of 1","www.ProntoTimingSystem.com"
"Results","2021 St Louis Region SCCA Event 3 June 13, 2021","www.ProntoTimingSystem.com","Pos","Nbr","Driver's name, Town","Car, Sponsor","Tire Mfg","Rgn,Div","Course 1","Score","","","12.00","61","William Morris","2003 Mazda Miata","","STL","74.111","DNF","68.599"," 66.105","","","","","","","66.795","66.105(1)","","(1.228)","","","","","","","","","","","","","","","","","","","","","","","","","Pronto Timing System","6/15/2021   4:07:31PM","Page 1 of 1","www.ProntoTimingSystem.com"
"Results","2021 St Louis Region SCCA Event 3 June 13, 2021","www.ProntoTimingSystem.com","Pos","Nbr","Driver's name, Town","Car, Sponsor","Tire Mfg","Rgn,Div","Course 1","Score","","R","13.00","41","Quinton Doerr","2003 Mazda Miata/","","","DNF","DNF","DNF"," 66.364","","","","","","","66.364","81.464","","(0.259)","","","","","","","","","","","","","","","","","","","","","","","","","Pronto Timing System","6/15/2021   4:07:31PM","Page 1 of 1","www.ProntoTimingSystem.com"
"Results","2021 St Louis Region SCCA Event 3 June 13, 2021","www.ProntoTimingSystem.com","Pos","Nbr","Driver's name, Town","Car, Sponsor","Tire Mfg","Rgn,Div","Course 1","Score","Street Touring Ultra","Drivers: 2","Trophies: 1","","T","","1.00","314","Eric Whitman","2019 Honda Civic Type R/","","STL","62.648","60.282","59.989"," 59.754","","","","","","","61.688","59.754","","","","","","","","","","","","","","","","","","","","","","","","","","","Pronto Timing System","6/15/2021   4:07:31PM","Page 1 of 1","www.ProntoTimingSystem.com"
"Results","2021 St Louis Region SCCA Event 3 June 13, 2021","www.ProntoTimingSystem.com","Pos","Nbr","Driver's name, Town","Car, Sponsor","Tire Mfg","Rgn,Div","Course 1","Score","","R","2.00","111","Justin Hedrick","2019 Honda Civic Type R","","STL","64.558","DNF","60.808"," 59.971","","","","","","","60.365","59.971","","(0.217)","","","","","","","","","","","","","","","","","","","","","","","","","Pronto Timing System","6/15/2021   4:07:31PM","Page 1 of 1","www.ProntoTimingSystem.com"
"Results","2021 St Louis Region SCCA Event 3 June 13, 2021","www.ProntoTimingSystem.com","Pos","Nbr","Driver's name, Town","Car, Sponsor","Tire Mfg","Rgn,Div","Course 1","Score","Street Prepared Category"
"C Street Prepared","Drivers: 3","Trophies: 1","","T","","1.00","22","Kyle Wort","2001 Mazda Miata","","STL","57.205(1)","55.128","54.236"," 54.236","","","","","","","55.514","DNF","","","","","","","","","","","","","","","","","","","","","","","","","","","Pronto Timing System","6/15/2021   4:07:31PM","Page 1 of 1","www.ProntoTimingSystem.com"
"Results","2021 St Louis Region SCCA Event 3 June 13, 2021","www.ProntoTimingSystem.com","Pos","Nbr","Driver's name, Town","Car, Sponsor","Tire Mfg","Rgn,Div","Course 1","Score","","","2.00","122","Rob Wort","2001 Mazda Miata","","STL","57.497(1)","56.367(1)","RRN"," 55.277","","","","","","","55.277","59.738(2)","DNF","(1.041)","","","","","","","","","","","","","","","","","","","","","","","","","Pronto Timing System","6/15/2021   4:07:31PM","Page 1 of 1","www.ProntoTimingSystem.com"
"Results","2021 St Louis Region SCCA Event 3 June 13, 2021","www.ProntoTimingSystem.com","Pos","Nbr","Driver's name, Town","Car, Sponsor","Tire Mfg","Rgn,Div","Course 1","Score","","R","3.00","41","Mike Kerner","1997 Mazda Miat","","STL","66.394","DNF","DNF"," 66.394","","","","","","","DNF","DNF","","(11.117)","","","","","","","","","","","","","","","","","","","","","","","","","Pronto Timing System","6/15/2021   4:07:31PM","Page 1 of 1","www.ProntoTimingSystem.com"
"Results","2021 St Louis Region SCCA Event 3 June 13, 2021","www.ProntoTimingSystem.com","Pos","Nbr","Driver's name, Town","Car, Sponsor","Tire Mfg","Rgn,Div","Course 1","Score","E Street Prepared","Drivers: 1","Trophies: 1","","T","R","1.00","37","Andrew Beyes","2014 Ford Mustang","","STL","DNF","68.483","66.695"," 64.800","","","","","","","65.098","64.800","","","","","","","","","","","","","","","","","","","","","","","","","","","Pronto Timing System","6/15/2021   4:07:31PM","Page 1 of 1","www.ProntoTimingSystem.com"
"Results","2021 St Louis Region SCCA Event 3 June 13, 2021","www.ProntoTimingSystem.com","Pos","Nbr","Driver's name, Town","Car, Sponsor","Tire Mfg","Rgn,Div","Course 1","Score","Prepared Category"
"X Prepared","Drivers: 3","Trophies: 1","","T","","1.00","171","Michael Marshall","1965 Shelby FFR Roadster","","STL","DNF","61.417(1)","DNF"," 57.993","","","","","","","59.838","59.373(1)","58.174","","57.993","","","","","","","","","","","","","","","","","","","","","","","","Pronto Timing System","6/15/2021   4:07:31PM","Page 1 of 1","www.ProntoTimingSystem.com"
"Results","2021 St Louis Region SCCA Event 3 June 13, 2021","www.ProntoTimingSystem.com","Pos","Nbr","Driver's name, Town","Car, Sponsor","Tire Mfg","Rgn,Div","Course 1","Score","","R","2.00","711","Judd Grimshaw"," Factory Five Roadster","","","63.177","62.427","60.486"," 60.486","","","","","","","60.969(1)","","","(2.493)","","","","","","","","","","","","","","","","","","","","","","","","","Pronto Timing System","6/15/2021   4:07:31PM","Page 1 of 1","www.ProntoTimingSystem.com"
"Results","2021 St Louis Region SCCA Event 3 June 13, 2021","www.ProntoTimingSystem.com","Pos","Nbr","Driver's name, Town","Car, Sponsor","Tire Mfg","Rgn,Div","Course 1","Score","","R","3.00","71","Jeff Grimshaw","2016 Porsche Macan turbo","","","DNF","DNF","70.554"," 66.344","","","","","","","67.526","66.344","","(5.858)","","","","","","","","","","","","","","","","","","","","","","","","","Pronto Timing System","6/15/2021   4:07:31PM","Page 1 of 1","www.ProntoTimingSystem.com"
"Results","2021 St Louis Region SCCA Event 3 June 13, 2021","www.ProntoTimingSystem.com","Pos","Nbr","Driver's name, Town","Car, Sponsor","Tire Mfg","Rgn,Div","Course 1","Score","D Prepared","Drivers: 3","Trophies: 1","","T","","1.00","44","Nathan Gaumer","2001 Mazda Mx-5","","STL","61.249","59.000","65.200"," 59.000","","","","","","","59.097","DNF","","","","","","","","","","","","","","","","","","","","","","","","","","","Pronto Timing System","6/15/2021   4:07:31PM","Page 1 of 1","www.ProntoTimingSystem.com"
"Results","2021 St Louis Region SCCA Event 3 June 13, 2021","www.ProntoTimingSystem.com","Pos","Nbr","Driver's name, Town","Car, Sponsor","Tire Mfg","Rgn,Div","Course 1","Score","","","2.00","447","Matthew Jorn","2001 Mazda MX-5/","","STL","DNF","62.594","63.418(1)"," 59.884","","","","","","","60.310","63.002(1)","RRN","(0.884)","59.884","","","","","","","","","","","","","","","","","","","","","","","","Pronto Timing System","6/15/2021   4:07:31PM","Page 1 of 1","www.ProntoTimingSystem.com"
"Results","2021 St Louis Region SCCA Event 3 June 13, 2021","www.ProntoTimingSystem.com","Pos","Nbr","Driver's name, Town","Car, Sponsor","Tire Mfg","Rgn,Div","Course 1","Score","","","3.00","22","Ed Wort","2001 Mazda Miata/","","STL","62.501","65.254(2)","DNF"," 60.254","","","","","","","60.254","DNF","","(0.370)","","","","","","","","","","","","","","","","","","","","","","","","","Pronto Timing System","6/15/2021   4:07:31PM","Page 1 of 1","www.ProntoTimingSystem.com"
"Results","2021 St Louis Region SCCA Event 3 June 13, 2021","www.ProntoTimingSystem.com","Pos","Nbr","Driver's name, Town","Car, Sponsor","Tire Mfg","Rgn,Div","Course 1","Score","F Prepared","Drivers: 1","Trophies: 1","","T","","1.00","47","Erik Hebert","1993 Toyota Mr2 turbo","","","61.977","65.344(1)","61.772"," 60.972","","","","","","","60.972","DNF","","","","","","","","","","","","","","","","","","","","","","","","","","","Pronto Timing System","6/15/2021   4:07:31PM","Page 1 of 1","www.ProntoTimingSystem.com"
"Results","2021 St Louis Region SCCA Event 3 June 13, 2021","www.ProntoTimingSystem.com","Pos","Nbr","Driver's name, Town","Car, Sponsor","Tire Mfg","Rgn,Div","Course 1","Score","Street Modified Category"
"Street Modified","Drivers: 1","Trophies: 1","","T","","1.00","47","Colton Frame","2008 Subaru Impreza wrx","","","70.817","64.372","65.517"," 64.372","","","","","","","DNF","66.308","","","","","","","","","","","","","","","","","","","","","","","","","","","Pronto Timing System","6/15/2021   4:07:31PM","Page 1 of 1","www.ProntoTimingSystem.com"
"Results","2021 St Louis Region SCCA Event 3 June 13, 2021","www.ProntoTimingSystem.com","Pos","Nbr","Driver's name, Town","Car, Sponsor","Tire Mfg","Rgn,Div","Course 1","Score","Street Modified FWD","Drivers: 6","Trophies: 2","","T","","1.00","169","Matt Pirrello","1993 Honda Civic - Del Sol","","STL","DNF","57.562","DNF"," 55.894","","","","","","","55.894","DNF","","","","","","","","","","","","","","","","","","","","","","","","","","","Pronto Timing System","6/15/2021   4:07:31PM","Page 1 of 1","www.ProntoTimingSystem.com"
"Results","2021 St Louis Region SCCA Event 3 June 13, 2021","www.ProntoTimingSystem.com","Pos","Nbr","Driver's name, Town","Car, Sponsor","Tire Mfg","Rgn,Div","Course 1","Score","T","","2.00","77","Randy Runyon","1993 Honda civic","","STL","63.894","59.943","59.556"," 57.999","","","","","","","57.999","DNF","","(2.105)","","","","","","","","","","","","","","","","","","","","","","","","","Pronto Timing System","6/15/2021   4:07:31PM","Page 1 of 1","www.ProntoTimingSystem.com"
"Results","2021 St Louis Region SCCA Event 3 June 13, 2021","www.ProntoTimingSystem.com","Pos","Nbr","Driver's name, Town","Car, Sponsor","Tire Mfg","Rgn,Div","Course 1","Score","","","3.00","156","Jake Burton","1992 Nissan NX2000","","STL","DNF","61.064","61.317"," 60.175","","","","","","","61.951(1)","60.175","60.327","(2.176)","","","","","","","","","","","","","","","","","","","","","","","","","Pronto Timing System","6/15/2021   4:07:31PM","Page 1 of 1","www.ProntoTimingSystem.com"
"Results","2021 St Louis Region SCCA Event 3 June 13, 2021","www.ProntoTimingSystem.com","Pos","Nbr","Driver's name, Town","Car, Sponsor","Tire Mfg","Rgn,Div","Course 1","Score","","","4.00","28","Trevor Phillippe","2008 Mini Cooper S","","STL","DNF","62.392","61.729"," 60.779","","","","","","","60.779","61.829(1)","","(0.604)","","","","","","","","","","","","","","","","","","","","","","","","","Pronto Timing System","6/15/2021   4:07:31PM","Page 1 of 1","www.ProntoTimingSystem.com"
"Results","2021 St Louis Region SCCA Event 3 June 13, 2021","www.ProntoTimingSystem.com","Pos","Nbr","Driver's name, Town","Car, Sponsor","Tire Mfg","Rgn,Div","Course 1","Score","","","5.00","56","John Dolde","1992 Nissan NX 2000","","STL","64.149","63.369","61.651"," 61.439","","","","","","","63.445(1)","61.439","","(0.660)","","","","","","","","","","","","","","","","","","","","","","","","","Pronto Timing System","6/15/2021   4:07:31PM","Page 1 of 1","www.ProntoTimingSystem.com"
"Results","2021 St Louis Region SCCA Event 3 June 13, 2021","www.ProntoTimingSystem.com","Pos","Nbr","Driver's name, Town","Car, Sponsor","Tire Mfg","Rgn,Div","Course 1","Score","","R","6.00","43","Daniel Robbins","2015 Ford Fiesta ST","","","DNF","DNF","DNF"," 62.552","","","","","","","65.380","62.552","","(1.113)","","","","","","","","","","","","","","","","","","","","","","","","","Pronto Timing System","6/15/2021   4:07:31PM","Page 1 of 1","www.ProntoTimingSystem.com"
"Results","2021 St Louis Region SCCA Event 3 June 13, 2021","www.ProntoTimingSystem.com","Pos","Nbr","Driver's name, Town","Car, Sponsor","Tire Mfg","Rgn,Div","Course 1","Score","Super Street Modified","Drivers: 1","Trophies: 1","","T","","1.00","404","Aaron Fincher","2003 Porsche Boxster","","OZMT","67.286(1)","59.548","58.341"," 57.599","","","","","","","57.599","57.715","","","","","","","","","","","","","","","","","","","","","","","","","","","Pronto Timing System","6/15/2021   4:07:31PM","Page 1 of 1","www.ProntoTimingSystem.com"
"Results","2021 St Louis Region SCCA Event 3 June 13, 2021","www.ProntoTimingSystem.com","Pos","Nbr","Driver's name, Town","Car, Sponsor","Tire Mfg","Rgn,Div","Course 1","Score","Modified Category"
"C Modified","Drivers: 1","Trophies: 1","","T","","1.00","31","John Powell","1988 Reynard Formula Ford","","STL","DNF","DNF","53.163"," 51.848","","","","","","","RRN","51.848","52.754","","","","","","","","","","","","","","","","","","","","","","","","","","Pronto Timing System","6/15/2021   4:07:31PM","Page 1 of 1","www.ProntoTimingSystem.com"
"Results","2021 St Louis Region SCCA Event 3 June 13, 2021","www.ProntoTimingSystem.com","Pos","Nbr","Driver's name, Town","Car, Sponsor","Tire Mfg","Rgn,Div","Course 1","Score","D Modified","Drivers: 2","Trophies: 1","","T","","1.00","169","Isaiah McMillian","2017 Fiat 124","","STL","62.203","58.033","65.150(1)"," 58.033","","","","","","","60.408(1)","62.642(1)","","","","","","","","","","","","","","","","","","","","","","","","","","","Pronto Timing System","6/15/2021   4:07:31PM","Page 1 of 1","www.ProntoTimingSystem.com"
"Results","2021 St Louis Region SCCA Event 3 June 13, 2021","www.ProntoTimingSystem.com","Pos","Nbr","Driver's name, Town","Car, Sponsor","Tire Mfg","Rgn,Div","Course 1","Score","","","2.00","69","Travis McMillian","2017 Fiat 124","","STL","61.356","59.898","60.601(1)"," 59.861","","","","","","","63.412(1)","59.861","","(1.828)","","","","","","","","","","","","","","","","","","","","","","","","","Pronto Timing System","6/15/2021   4:07:31PM","Page 1 of 1","www.ProntoTimingSystem.com"
"Results","2021 St Louis Region SCCA Event 3 June 13, 2021","www.ProntoTimingSystem.com","Pos","Nbr","Driver's name, Town","Car, Sponsor","Tire Mfg","Rgn,Div","Course 1","Score","D Modified Ladies","Drivers: 1","Trophies: 1","","T","","1.00","69","Kim McMillian","2017 Fiat 124","","STL","99.032","78.321","67.772"," 66.105","","","","","","","66.105","67.379","","","","","","","","","","","","","","","","","","","","","","","","","","","Pronto Timing System","6/15/2021   4:07:31PM","Page 1 of 1","www.ProntoTimingSystem.com"
"Results","2021 St Louis Region SCCA Event 3 June 13, 2021","www.ProntoTimingSystem.com","Pos","Nbr","Driver's name, Town","Car, Sponsor","Tire Mfg","Rgn,Div","Course 1","Score","E Modified Ladies","Drivers: 1","Trophies: 1","","T","R","0.00","21","Queenie Ann Santos","2004 Honda S2000","","","DNF","71.579","65.943","No Time","","","","","","","68.376(1)","65.116","","","","","","","","","","","","","","","","","","","","","","","","","","","Pronto Timing System","6/15/2021   4:07:31PM","Page 1 of 1","www.ProntoTimingSystem.com"
"Results","2021 St Louis Region SCCA Event 3 June 13, 2021","www.ProntoTimingSystem.com","Pos","Nbr","Driver's name, Town","Car, Sponsor","Tire Mfg","Rgn,Div","Course 1","Score","Other Category"
"Fun Class","Drivers: 1","Trophies: 1","","T","","1.00","34","JERRY HENRY","2019 HONDA Type R","","STL","DNF","61.101",""," 61.101","","","","","","","","","","","","","","","","","","","","","","","","","","","","","","","","","","","Pronto Timing System","6/15/2021   4:07:31PM","Page 1 of 1","www.ProntoTimingSystem.com"
"Results","2021 St Louis Region SCCA Event 3 June 13, 2021","www.ProntoTimingSystem.com","Pos","Nbr","Driver's name, Town","Car, Sponsor","Tire Mfg","Rgn,Div","Course 1","Score","Classic American Muscle Classic","Drivers: 4","Trophies: 2","","T","","1.00","96","Matt Miller","2020 Chevrolet Camaro SS 1LE","","STL","DNF","57.806(1)","54.417"," 54.199","","","","","","","54.199","RRN","DNF","","","","","","","","","","","","","","","","","","","","","","","","","","Pronto Timing System","6/15/2021   4:07:31PM","Page 1 of 1","www.ProntoTimingSystem.com"
"Results","2021 St Louis Region SCCA Event 3 June 13, 2021","www.ProntoTimingSystem.com","Pos","Nbr","Driver's name, Town","Car, Sponsor","Tire Mfg","Rgn,Div","Course 1","Score","T","","2.00","26","Kevin Kelly","2014 Chevrolet Camaro","","STL","DNF","56.043","55.196"," 54.533","","","","","","","55.261","54.533","","(0.334)","","","","","","","","","","","","","","","","","","","","","","","","","Pronto Timing System","6/15/2021   4:07:31PM","Page 1 of 1","www.ProntoTimingSystem.com"
"Results","2021 St Louis Region SCCA Event 3 June 13, 2021","www.ProntoTimingSystem.com","Pos","Nbr","Driver's name, Town","Car, Sponsor","Tire Mfg","Rgn,Div","Course 1","Score","","","3.00","38","Brian Pflibsen","2016 Chevrolet Camaro","","STL","61.469(1)","58.195(1)","55.931"," 55.872","","","","","","","58.667(1)","55.872","","(1.339)","","","","","","","","","","","","","","","","","","","","","","","","","Pronto Timing System","6/15/2021   4:07:31PM","Page 1 of 1","www.ProntoTimingSystem.com"
"Results","2021 St Louis Region SCCA Event 3 June 13, 2021","www.ProntoTimingSystem.com","Pos","Nbr","Driver's name, Town","Car, Sponsor","Tire Mfg","Rgn,Div","Course 1","Score","","R","4.00","21","Tim Canada","2017 Ford Mustang","","","DNF","79.856","DNF"," 69.164","","","","","","","74.929","69.164","","(13.292)","","","","","","","","","","","","","","","","","","","","","","","","","Pronto Timing System","6/15/2021   4:07:31PM","Page 1 of 1","www.ProntoTimingSystem.com"
"Results","2021 St Louis Region SCCA Event 3 June 13, 2021","www.ProntoTimingSystem.com","Pos","Nbr","Driver's name, Town","Car, Sponsor","Tire Mfg","Rgn,Div","Course 1","Score","Classic American Muscle Traditional","Drivers: 10","Trophies: 4","","T","","1.00","82","J.J. Mallrich","1999 Chevrolet Camaro Z28","","STL","DNF","DNF","54.910"," 53.612","","","","","","","53.612","55.609(1)","","","","","","","","","","","","","","","","","","","","","","","","","","","Pronto Timing System","6/15/2021   4:07:31PM","Page 1 of 1","www.ProntoTimingSystem.com"
"Results","2021 St Louis Region SCCA Event 3 June 13, 2021","www.ProntoTimingSystem.com","Pos","Nbr","Driver's name, Town","Car, Sponsor","Tire Mfg","Rgn,Div","Course 1","Score","T","","2.00","21","David Q. Dunn","2002 Ford Mustang","","STL","DNF","DNF","59.296"," 58.146","","","","","","","60.051(1)","58.146","","(4.534)","","","","","","","","","","","","","","","","","","","","","","","","","Pronto Timing System","6/15/2021   4:07:31PM","Page 1 of 1","www.ProntoTimingSystem.com"
"Results","2021 St Louis Region SCCA Event 3 June 13, 2021","www.ProntoTimingSystem.com","Pos","Nbr","Driver's name, Town","Car, Sponsor","Tire Mfg","Rgn,Div","Course 1","Score","T","","3.00","177","Nick Benne","2003 Ford Mustang","","STL","DNF","63.067(2)","60.809(1)"," 58.520","","","","","","","58.520","DNF","","(0.374)","","","","","","","","","","","","","","","","","","","","","","","","","Pronto Timing System","6/15/2021   4:07:31PM","Page 1 of 1","www.ProntoTimingSystem.com"
"Results","2021 St Louis Region SCCA Event 3 June 13, 2021","www.ProntoTimingSystem.com","Pos","Nbr","Driver's name, Town","Car, Sponsor","Tire Mfg","Rgn,Div","Course 1","Score","T","","4.00","302","Tim Muldoon","1995 Ford Cobra","","STL","59.456(1)","63.664(3)","59.377(1)"," 59.377","","","","","","","71.348","61.052(2)","","(0.857)","","","","","","","","","","","","","","","","","","","","","","","","","Pronto Timing System","6/15/2021   4:07:31PM","Page 1 of 1","www.ProntoTimingSystem.com"
"Results","2021 St Louis Region SCCA Event 3 June 13, 2021","www.ProntoTimingSystem.com","Pos","Nbr","Driver's name, Town","Car, Sponsor","Tire Mfg","Rgn,Div","Course 1","Score","","","5.00","77","Todd Benne","2003 Ford Mustang","","STL","60.962","60.264(1)","61.126(1)"," 60.264","","","","","","","68.352","60.996(2)","","(0.887)","","","","","","","","","","","","","","","","","","","","","","","","","Pronto Timing System","6/15/2021   4:07:31PM","Page 1 of 1","www.ProntoTimingSystem.com"
"Results","2021 St Louis Region SCCA Event 3 June 13, 2021","www.ProntoTimingSystem.com","Pos","Nbr","Driver's name, Town","Car, Sponsor","Tire Mfg","Rgn,Div","Course 1","Score","","R","6.00","212","Rob Corzine","2001 Chevrolet Camaro","","STL","DNF","DNF","60.463"," 60.463","","","","","","","62.438(1)","62.230(1)","","(0.199)","","","","","","","","","","","","","","","","","","","","","","","","","Pronto Timing System","6/15/2021   4:07:31PM","Page 1 of 1","www.ProntoTimingSystem.com"
"Results","2021 St Louis Region SCCA Event 3 June 13, 2021","www.ProntoTimingSystem.com","Pos","Nbr","Driver's name, Town","Car, Sponsor","Tire Mfg","Rgn,Div","Course 1","Score","","","7.00","85","Rj Paulick","1985 Chevrolet Camaro IROC-Z","","STL","DNF","DNF","63.774(1)"," 60.532","","","","","","","60.532","RRN","DNF","(0.069)","","","","","","","","","","","","","","","","","","","","","","","","","Pronto Timing System","6/15/2021   4:07:31PM","Page 1 of 1","www.ProntoTimingSystem.com"
"Results","2021 St Louis Region SCCA Event 3 June 13, 2021","www.ProntoTimingSystem.com","Pos","Nbr","Driver's name, Town","Car, Sponsor","Tire Mfg","Rgn,Div","Course 1","Score","","","8.00","66","Walter Floretta","1966 Ford Mustang","","STL","61.927","62.485","60.641"," 60.641","","","","","","","DNF","DNF","","(0.109)","","","","","","","","","","","","","","","","","","","","","","","","","Pronto Timing System","6/15/2021   4:07:31PM","Page 1 of 1","www.ProntoTimingSystem.com"
"Results","2021 St Louis Region SCCA Event 3 June 13, 2021","www.ProntoTimingSystem.com","Pos","Nbr","Driver's name, Town","Car, Sponsor","Tire Mfg","Rgn,Div","Course 1","Score","","R","9.00","41","Josh Sellers","2001 Ford Mustang","","STL","DNF","DNF","67.753"," 67.753","","","","","","","67.840","","","(7.112)","","","","","","","","","","","","","","","","","","","","","","","","","Pronto Timing System","6/15/2021   4:07:31PM","Page 1 of 1","www.ProntoTimingSystem.com"
"Results","2021 St Louis Region SCCA Event 3 June 13, 2021","www.ProntoTimingSystem.com","Pos","Nbr","Driver's name, Town","Car, Sponsor","Tire Mfg","Rgn,Div","Course 1","Score","","R","10.00","23","Cody Block","1965 Ford Mustang","","STL","76.414","70.104",""," 70.104","","","","","","","","","","(2.351)","","","","","","","","","","","","","","","","","","","","","","","","","Pronto Timing System","6/15/2021   4:07:31PM","Page 1 of 1","www.ProntoTimingSystem.com"
"Results","2021 St Louis Region SCCA Event 3 June 13, 2021","www.ProntoTimingSystem.com","Pos","Nbr","Driver's name, Town","Car, Sponsor","Tire Mfg","Rgn,Div","Course 1","Score","Classic American Muscle Sport","Drivers: 4","Trophies: 2","","T","","1.00","32","Todd Mayer","2000 Chevrolet FRC Corvette","","STL","70.775(3)","56.718","55.110"," 55.110","","","","","","","DNF","DNF","","","","","","","","","","","","","","","","","","","","","","","","","","","Pronto Timing System","6/15/2021   4:07:31PM","Page 1 of 1","www.ProntoTimingSystem.com"
"Results","2021 St Louis Region SCCA Event 3 June 13, 2021","www.ProntoTimingSystem.com","Pos","Nbr","Driver's name, Town","Car, Sponsor","Tire Mfg","Rgn,Div","Course 1","Score","T","","2.00","39","Tyler Rook","2001 Chevrolet Corvette","","STL","56.773","55.552","57.840(1)"," 55.552","","","","","","","56.571","56.786","","(0.442)","","","","","","","","","","","","","","","","","","","","","","","","","Pronto Timing System","6/15/2021   4:07:31PM","Page 1 of 1","www.ProntoTimingSystem.com"
"Results","2021 St Louis Region SCCA Event 3 June 13, 2021","www.ProntoTimingSystem.com","Pos","Nbr","Driver's name, Town","Car, Sponsor","Tire Mfg","Rgn,Div","Course 1","Score","","","3.00","89","Andy Hohl","2004 Chevrolet Corvette","","STL","64.244(4)","61.647(3)","DNF"," 57.111","","","","","","","57.111(1)","59.234(2)","","(1.559)","","","","","","","","","","","","","","","","","","","","","","","","","Pronto Timing System","6/15/2021   4:07:31PM","Page 1 of 1","www.ProntoTimingSystem.com"
"Results","2021 St Louis Region SCCA Event 3 June 13, 2021","www.ProntoTimingSystem.com","Pos","Nbr","Driver's name, Town","Car, Sponsor","Tire Mfg","Rgn,Div","Course 1","Score","","","4.00","21","Dino Agic","2003 Chevrolet Corvette","","STL","DNF","DNF","DNF"," 61.015","","","","","","","61.015","DNF","","(3.904)","","","","","","","","","","","","","","","","","","","","","","","","","Pronto Timing System","6/15/2021   4:07:31PM","Page 1 of 1","www.ProntoTimingSystem.com"
"Results","2021 St Louis Region SCCA Event 3 June 13, 2021","www.ProntoTimingSystem.com","Pos","Nbr","Driver's name, Town","Car, Sponsor","Tire Mfg","Rgn,Div","Course 1","Score","Xtreme Street A","Drivers: 7","Trophies: 3","","T","","1.00","72","Ryan Rethy","2004 Subaru Wrx","","STL","56.417","54.868","54.018"," 54.018","","","","","","","56.203(1)","57.144(1)","","","","","","","","","","","","","","","","","","","","","","","","","","","Pronto Timing System","6/15/2021   4:07:31PM","Page 1 of 1","www.ProntoTimingSystem.com"
"Results","2021 St Louis Region SCCA Event 3 June 13, 2021","www.ProntoTimingSystem.com","Pos","Nbr","Driver's name, Town","Car, Sponsor","Tire Mfg","Rgn,Div","Course 1","Score","T","","2.00","33","Thomas Robert Mantle Jr.","2006 Mitsubishi Evolution gsr","","STL","DNF","56.940","55.374"," 54.521","","","","","","","54.521","64.740(5)","","(0.503)","","","","","","","","","","","","","","","","","","","","","","","","","Pronto Timing System","6/15/2021   4:07:31PM","Page 1 of 1","www.ProntoTimingSystem.com"
"Results","2021 St Louis Region SCCA Event 3 June 13, 2021","www.ProntoTimingSystem.com","Pos","Nbr","Driver's name, Town","Car, Sponsor","Tire Mfg","Rgn,Div","Course 1","Score","T","","3.00","66","Andriy Sytyashenko","2015 Mitsubishi Lancer Evolution GSR","","STL","RRN","DNF","65.595(4)"," 55.030","","","","","","","55.030","DNF","55.790","(0.509)","","","","","","","","","","","","","","","","","","","","","","","","","Pronto Timing System","6/15/2021   4:07:31PM","Page 1 of 1","www.ProntoTimingSystem.com"
"Results","2021 St Louis Region SCCA Event 3 June 13, 2021","www.ProntoTimingSystem.com","Pos","Nbr","Driver's name, Town","Car, Sponsor","Tire Mfg","Rgn,Div","Course 1","Score","","","4.00","85","Adam Hughes","2009 BMW 135i","","STL","DNF","56.457","56.048"," 56.025","","","","","","","56.870(1)","56.025","","(0.995)","","","","","","","","","","","","","","","","","","","","","","","","","Pronto Timing System","6/15/2021   4:07:31PM","Page 1 of 1","www.ProntoTimingSystem.com"
"Results","2021 St Louis Region SCCA Event 3 June 13, 2021","www.ProntoTimingSystem.com","Pos","Nbr","Driver's name, Town","Car, Sponsor","Tire Mfg","Rgn,Div","Course 1","Score","","","5.00","42","Juan Johnson","2002 Honda S2000","","STL","61.015(1)","59.317","59.175(1)"," 57.288","","","","","","","57.288","58.494","","(1.263)","","","","","","","","","","","","","","","","","","","","","","","","","Pronto Timing System","6/15/2021   4:07:31PM","Page 1 of 1","www.ProntoTimingSystem.com"
"Results","2021 St Louis Region SCCA Event 3 June 13, 2021","www.ProntoTimingSystem.com","Pos","Nbr","Driver's name, Town","Car, Sponsor","Tire Mfg","Rgn,Div","Course 1","Score","","","6.00","27","Shane Cifaldi","2004 Subaru WRX","","STL","DNF","58.800","58.818"," 58.715","","","","","","","58.715","61.703(2)","59.793(1)","(1.427)","","","","","","","","","","","","","","","","","","","","","","","","","Pronto Timing System","6/15/2021   4:07:31PM","Page 1 of 1","www.ProntoTimingSystem.com"
"Results","2021 St Louis Region SCCA Event 3 June 13, 2021","www.ProntoTimingSystem.com","Pos","Nbr","Driver's name, Town","Car, Sponsor","Tire Mfg","Rgn,Div","Course 1","Score","","","7.00","82","Daniel Trask","2013 BMW 135i","","STL","64.866","62.503","65.684(2)"," 59.926","","","","","","","59.926","62.622(1)","","(1.211)","","","","","","","","","","","","","","","","","","","","","","","","","Pronto Timing System","6/15/2021   4:07:31PM","Page 1 of 1","www.ProntoTimingSystem.com"
"Results","2021 St Louis Region SCCA Event 3 June 13, 2021","www.ProntoTimingSystem.com","Pos","Nbr","Driver's name, Town","Car, Sponsor","Tire Mfg","Rgn,Div","Course 1","Score","Electric Vehicle","Drivers: 2","Trophies: 1","","T","","1.00","185","Matthew Hodges","2021 Tesla Model 3","","STL","55.533(2)","51.414","DNF"," 51.414","","","","","","","","","","","","","","","","","","","","","","","","","","","","","","","","","","","Pronto Timing System","6/15/2021   4:07:31PM","Page 1 of 1","www.ProntoTimingSystem.com"
"Results","2021 St Louis Region SCCA Event 3 June 13, 2021","www.ProntoTimingSystem.com","Pos","Nbr","Driver's name, Town","Car, Sponsor","Tire Mfg","Rgn,Div","Course 1","Score","","","2.00","85","Tom DeYoung","2020 Tesla Model 3 Performance","","STL","DNF","DNF","55.233(2)"," 55.233","","","","","","","","","","(3.819)","","","","","","","","","","","","","","","","","","","","","","","","","Pronto Timing System","6/15/2021   4:07:31PM","Page 1 of 1","www.ProntoTimingSystem.com"
